[
    {
        "id": 1,
        "title": "Как пасти котов. Наставление для программистов, руководящих другими программистами",
        "description": "<em>«Как пасти котов»</em> — это книга о лидерстве и руководстве, о том, как первое совмещать со вторым.",
        "author": "Рейнвотер Дж. Ханк",
        "publishing": "Питер",
        "year": 2016,
        "pages": 256,
        "price": 560,
        "image": "./img/book_1.jpg",
        "availableInventory": 10,
        "rating": 3
    },        
    {
        "id": 2,
        "title": "Программист-фанатик",
        "description": "В этой книге вы не найдете описания конкретных технологий, алгоритмов и языков программирования - ценность ее не в этом. Она представляет собой сборник практических советов и рекомендаций.",
        "author": "Фаулер Чад",
        "publishing": "Питер",
        "year": 2018,
        "pages": 208,
        "price": 500,
        "image": "./img/book_2.jpeg",
        "availableInventory": 7,
        "rating": 4
    },
    {
        "id": 3,
        "title": "Грокаем алгоритмы. Иллюстрированное пособие для программистов и любопытствующих",
        "description": "Алгоритмы - это всего лишь последовательность решения задач, и большинство таких задач уже были кем-то решены, протестированы и проверены.",
        "author": "Бхаргава Адитья",
        "publishing": "Питер",
        "year": 2019,
        "pages": 288,
        "price": 685,
        "image": "./img/book_3.jpg",
        "availableInventory": 3,
        "rating": 5
    }
]